,City,Cloudiness,Country,Date(YYYY-MM-DD),Humidity,Lat,Lng,Max Temp,Wind Speed
0,barrow,0,AR,2020-01-08,44,-38.31,-60.23,67.51,9.84
1,thompson,99,CA,2020-01-08,94,55.74,-97.86,-12.33,5.68
2,saint-philippe,100,CA,2020-01-08,90,45.36,-73.48,25.59,4.36
3,zambezi,91,ZM,2020-01-08,95,-13.55,23.12,64.80,3.78
4,upernavik,100,GL,2020-01-08,72,72.79,-56.15,-14.17,4.5
5,acapulco,0,MX,2020-01-08,79,16.86,-99.88,76.69,2.15
6,naberera,99,TZ,2020-01-08,87,-4.20,36.93,67.77,5.73
7,kholm,38,AF,2020-01-07,88,36.69,67.70,35.01,2.75
8,faya,0,SA,2020-01-07,64,18.39,42.45,58.35,10.76
9,ushuaia,100,AR,2020-01-08,97,-54.81,-68.31,47.21,4.25
10,ouadda,15,CF,2020-01-08,29,8.07,22.40,69.91,5.64
11,worland,90,US,2020-01-08,71,44.02,-107.96,34.43,6.82
12,yellowknife,76,CA,2020-01-08,99,62.45,-114.38,-29.74,2.04
13,saldanha,54,PT,2020-01-08,75,41.42,-6.55,38.93,1.68
14,hithadhoo,98,MV,2020-01-08,76,-0.60,73.08,83.32,11.1
15,jamestown,0,AU,2020-01-08,22,-33.21,138.60,81.64,14.54
16,busselton,27,AU,2020-01-08,73,-33.64,115.35,67.10,6.73
17,iberia,48,PE,2020-01-07,45,-11.41,-69.49,91.18,5.41
18,kieta,58,PG,2020-01-08,70,-6.22,155.63,85.10,3.62
19,mpulungu,100,ZM,2020-01-08,92,-8.77,31.12,62.47,2.06
20,nikolskoye,100,RU,2020-01-08,91,59.70,30.79,37.78,9.53
21,minot,70,US,2020-01-08,91,48.23,-101.30,0.97,6.44
22,jinchang,100,CN,2020-01-08,65,38.52,102.19,16.54,1.92
23,marrakesh,0,MA,2020-01-07,58,31.63,-7.99,51.49,1.74
24,castro,89,CL,2020-01-08,91,-42.48,-73.76,51.69,8.72
25,esperance,0,AU,2020-01-08,83,-33.86,121.89,69.51,9.64
26,albany,100,US,2020-01-08,77,42.65,-73.75,31.46,3.69
27,naze,100,NG,2020-01-08,80,5.43,7.07,75.52,3.76
28,vostok,96,RU,2020-01-08,76,46.45,135.83,9.93,1.97
29,vaini,1,IN,2020-01-08,87,15.34,74.49,63.64,2.59
30,axim,28,GH,2020-01-08,80,4.87,-2.24,76.01,3.62
31,hilo,82,US,2020-01-08,80,19.71,-155.08,68.99,15.35
32,humaita,91,AR,2020-01-08,76,-24.93,-65.37,67.98,5.84
33,tuktoyaktuk,87,CA,2020-01-08,95,69.44,-133.03,-20.54,13.69
34,katsuura,98,JP,2020-01-08,90,33.93,134.50,58.62,2.15
35,tairua,96,NZ,2020-01-08,85,-37.02,175.85,68.76,19.89
36,carnarvon,100,ZA,2020-01-08,81,-30.97,22.13,66.16,12.71
37,halifax,55,CA,2020-01-07,68,44.65,-63.58,35.11,6.69
38,wajir,93,KE,2020-01-08,71,1.75,40.07,80.10,11.81
39,qaanaaq,15,GL,2020-01-08,81,77.48,-69.36,-25.51,1.07
40,hasaki,96,JP,2020-01-08,78,35.73,140.83,63.52,35.14
41,victoria,100,BN,2020-01-08,82,5.28,115.24,81.45,11.48
42,laguna,82,BZ,2020-01-07,85,16.17,-88.94,73.67,1.14
43,rikitea,11,PF,2020-01-08,77,-23.12,-134.97,77.67,18.86
44,dingle,100,PH,2020-01-08,90,11.00,122.67,76.10,9.62
45,hermanus,0,ZA,2020-01-08,84,-34.42,19.24,70.02,8.01
46,sampit,100,ID,2020-01-08,91,-2.54,112.95,77.99,0.51
47,nanortalik,100,GL,2020-01-08,88,60.14,-45.24,21.47,4.32
48,aykhal,55,RU,2020-01-07,98,65.95,111.51,1.96,6.17
49,hamilton,97,CA,2020-01-08,87,43.26,-79.87,35.02,9.35
50,nan,18,TH,2020-01-08,76,18.78,100.78,63.88,2.46
51,coxim,78,BR,2020-01-08,87,-18.50,-54.75,77.25,3.18
52,bredasdorp,0,ZA,2020-01-08,69,-34.53,20.04,70.92,2.82
53,haysville,0,US,2020-01-08,51,37.56,-97.35,47.25,7.87
54,kupang,100,ID,2020-01-07,79,-10.16,123.60,82.76,12.33
55,alofi,100,NU,2020-01-08,78,-19.06,-169.92,81.86,7.87
56,erdenet,0,MN,2020-01-08,77,49.03,104.04,-7.40,2.37
57,harper,0,US,2020-01-07,15,30.30,-99.24,67.44,6.98
58,lebu,87,ET,2020-01-08,90,8.96,38.73,52.21,1.99
59,puri,88,ID,2020-01-08,83,-7.54,112.45,77.43,0.65
60,atuona,9,PF,2020-01-08,78,-9.80,-139.03,80.89,14.27
61,tasiilaq,100,GL,2020-01-08,45,65.61,-37.64,7.52,28.07
62,maumere,100,ID,2020-01-08,82,-8.63,122.22,79.74,12.55
63,lagoa,0,PT,2020-01-08,67,37.14,-8.45,55.96,11.07
64,margate,0,AU,2020-01-08,53,-43.03,147.26,59.76,4.7
65,hami,0,CN,2020-01-08,59,42.84,93.51,14.50,3.91
66,manokwari,100,ID,2020-01-08,92,-0.87,134.08,73.99,4.21
67,kasongo-lunda,100,CD,2020-01-08,98,-6.48,16.82,66.90,1.86
68,klaksvik,96,FO,2020-01-08,68,62.23,-6.59,38.53,51.49
69,viedma,0,AR,2020-01-08,16,-40.81,-62.99,80.94,11.65
70,baijiantan,74,CN,2020-01-08,92,45.63,85.18,8.38,0.94
71,winnemucca,56,US,2020-01-08,55,40.97,-117.74,41.45,3.44
72,mataura,95,NZ,2020-01-08,57,-46.19,168.86,61.02,5.55
73,yumen,57,CN,2020-01-07,69,40.29,97.04,13.50,5.73
74,caronport,92,CA,2020-01-08,79,50.46,-105.81,5.54,5.97
75,severo-kurilsk,58,RU,2020-01-07,88,50.68,156.12,18.82,10.38
76,provideniya,0,RU,2020-01-08,91,64.42,-173.23,-11.51,1.43
77,poum,0,MK,2020-01-07,38,41.28,20.71,30.90,4.41
78,zhigansk,100,RU,2020-01-07,97,66.77,123.37,-5.87,8.14
79,kapaa,50,US,2020-01-08,65,22.08,-159.32,78.51,15.32
80,pevek,0,RU,2020-01-08,76,69.70,170.27,-9.54,13.49
81,cidreira,2,BR,2020-01-08,72,-30.17,-50.22,75.06,11.14
82,college,94,US,2020-01-08,96,64.86,-147.80,-20.38,1.68
83,bluff,57,AU,2020-01-08,53,-23.58,149.07,81.88,10.76
84,suyo,14,PH,2020-01-08,61,16.98,120.51,74.71,2.13
85,sorong,100,ID,2020-01-07,98,-0.86,131.25,74.26,1.88
86,butaritari,52,KI,2020-01-08,79,3.07,172.79,84.54,17.69
87,necochea,0,AR,2020-01-08,67,-38.55,-58.74,72.28,9.4
88,saskylakh,96,RU,2020-01-08,97,71.97,114.09,-3.55,8.1
89,bethel,0,US,2020-01-08,91,60.79,-161.76,-19.44,17.34
90,chapais,100,CA,2020-01-07,92,49.78,-74.86,10.63,8.59
91,leningradskiy,77,RU,2020-01-08,91,69.38,178.42,-12.08,11.03
92,rawson,36,AR,2020-01-08,36,-43.30,-65.11,72.45,25.05
93,broome,100,GB,2020-01-08,91,52.47,1.45,55.31,18.05
94,galle,18,GN,2020-01-08,71,10.08,-12.83,67.19,2.55
95,dikson,93,RU,2020-01-08,97,73.51,80.55,-0.76,8.75
96,luderitz,74,NA,2020-01-08,93,-26.65,15.16,65.03,10.89
97,teya,69,MX,2020-01-08,70,21.05,-89.07,69.03,4.14
98,karpogory,100,RU,2020-01-08,93,64.00,44.44,25.47,10.65
99,hobart,0,AU,2020-01-08,53,-42.88,147.33,59.76,4.7
100,hofn,84,IS,2020-01-08,58,64.25,-15.21,33.67,47.11
101,lebowakgomo,26,ZA,2020-01-08,47,-24.30,29.54,72.91,8.97
102,xiaoshi,13,CN,2020-01-08,85,30.59,116.63,36.18,4.85
103,dawlatabad,0,AF,2020-01-07,57,36.41,64.91,36.91,5.77
104,iquitos,0,PE,2020-01-08,65,-3.75,-73.25,81.52,3.02
105,horsham,68,AU,2020-01-08,20,-36.71,142.20,81.54,9.6
106,chuy,0,UY,2020-01-08,61,-33.69,-53.46,65.97,7.92
107,sterling,100,US,2020-01-08,92,39.00,-77.40,33.60,12.24
108,bilma,36,NE,2020-01-08,34,18.69,12.92,54.48,10.87
109,sazonovo,85,RU,2020-01-08,95,54.20,39.81,28.56,6.46
110,killybegs,100,IE,2020-01-08,69,54.63,-8.45,48.00,29.01
111,bongor,0,TD,2020-01-08,20,10.28,15.37,71.51,8.34
112,uige,100,AO,2020-01-08,97,-7.61,15.06,67.35,2.04
113,beringovskiy,97,RU,2020-01-08,98,63.05,179.32,-4.86,7.09
114,asyut,0,EG,2020-01-08,73,27.18,31.19,46.22,8.93
115,balitoc,77,PH,2020-01-08,78,13.86,120.63,78.55,13.15
116,georgetown,43,GY,2020-01-08,78,6.80,-58.16,83.59,18.39
117,kodiak,0,US,2020-01-08,61,39.95,-94.76,42.78,8.59
118,mahanoro,100,MG,2020-01-08,75,-19.90,48.80,81.27,6.98
119,ayan,0,IR,2020-01-08,49,38.23,44.70,14.29,7.36
120,grenville,100,CA,2020-01-08,92,45.62,-74.60,25.36,5.26
121,baghdad,0,IQ,2020-01-08,52,33.30,44.38,53.64,10.25
122,chokurdakh,0,RU,2020-01-08,93,70.62,147.90,-26.07,5.75
123,verkhoyansk,84,RU,2020-01-08,85,67.55,133.39,-20.83,1.45
124,yining,0,CN,2020-01-08,87,29.04,114.56,37.08,0.43
125,secunda,61,ZA,2020-01-08,76,-26.52,29.20,59.95,4.68
126,tiksi,97,RU,2020-01-08,89,71.64,128.87,-8.39,5.39
127,kaitangata,76,NZ,2020-01-08,71,-46.28,169.85,56.91,4.81
128,iqaluit,69,CA,2020-01-08,89,63.75,-68.52,-16.15,3.8
129,saryg-sep,63,RU,2020-01-08,100,51.49,95.55,-18.83,0.83
130,avarua,68,CK,2020-01-08,79,-21.21,-159.78,82.09,9.84
131,mahebourg,11,MU,2020-01-08,84,-20.41,57.70,77.83,2.93
132,ubauro,0,PK,2020-01-08,85,28.16,69.73,51.01,6.51
133,vao,100,EE,2020-01-08,81,59.10,26.19,38.08,12.77
134,airai,49,TL,2020-01-08,57,-8.93,125.41,77.47,1.74
135,waycross,21,US,2020-01-08,61,31.21,-82.35,53.53,4.23
136,serenje,100,ZM,2020-01-08,95,-13.23,30.22,62.69,2.51
137,taltal,0,CL,2020-01-08,86,-25.41,-70.49,62.73,2.04
138,coylton,100,GB,2020-01-08,82,55.45,-4.52,48.90,14.54
139,nakusp,100,CA,2020-01-08,98,50.24,-117.80,33.53,5.35
140,kapit,80,MY,2020-01-08,88,2.02,112.94,72.50,1.74
141,shebunino,100,RU,2020-01-08,96,57.66,40.04,30.22,8.79
142,caravelas,1,BR,2020-01-07,82,-17.73,-39.27,78.42,12.19
143,pangnirtung,78,CA,2020-01-08,87,66.15,-65.72,-36.53,1.5
144,roald,100,NO,2020-01-08,85,62.58,6.12,45.32,26.51
145,nazarovo,100,RU,2020-01-08,95,56.01,90.42,11.80,4.65
146,jiwani,0,PK,2020-01-08,41,25.05,61.74,68.18,16.69
147,codrington,35,AU,2020-01-08,43,-28.95,153.24,89.96,3.44
148,lompoc,97,US,2020-01-08,66,34.64,-120.46,60.67,13.62
149,longyearbyen,85,NO,2020-01-08,94,78.22,15.63,30.60,8.46
150,bagdarin,0,RU,2020-01-08,86,54.44,113.59,-2.74,2.37
151,isangel,78,VU,2020-01-08,74,-19.55,169.27,80.53,13.29
152,kabinda,77,CD,2020-01-08,92,-6.14,24.49,68.38,2.73
153,shirokiy,90,RU,2020-01-08,96,53.87,39.17,24.60,6.8
154,ust-maya,96,RU,2020-01-08,96,60.42,134.54,4.71,4.18
155,soke,67,ML,2020-01-08,16,13.60,-5.94,69.24,10.47
156,shache,100,CN,2020-01-07,77,38.42,77.24,24.51,1.9
157,lukovetskiy,100,RU,2020-01-08,98,64.29,41.92,37.47,12.01
158,mmathubudukwane,100,BW,2020-01-08,53,-24.61,26.43,76.48,6.91
159,coihaique,41,CL,2020-01-08,88,-45.58,-72.07,45.66,9.31
160,xingcheng,40,CN,2020-01-08,54,40.62,120.71,20.34,5.68
161,massaguet,0,TD,2020-01-08,13,12.48,15.44,70.81,13.85
162,taua,99,BR,2020-01-08,95,-3.62,-49.62,74.55,1.48
163,trairi,100,BR,2020-01-08,83,-3.28,-39.27,75.96,0.83
164,nurobod,100,UZ,2020-01-08,93,40.91,69.80,30.29,1.92
165,paamiut,100,GL,2020-01-08,76,61.99,-49.67,14.59,10.33
166,cananeia,100,BR,2020-01-08,93,-25.01,-47.93,72.52,4.05
167,lorengau,100,PG,2020-01-08,92,-2.02,147.27,78.44,11.63
168,faanui,13,PF,2020-01-08,80,-16.48,-151.75,82.17,18.32
169,saint-pierre,96,FR,2020-01-08,97,48.95,4.24,46.26,7.54
170,mana,76,NG,2020-01-08,20,13.03,5.27,67.98,12.17
171,bathsheba,7,BB,2020-01-07,77,13.22,-59.52,82.29,15.1
172,krasnogvardeyskiy,91,RU,2020-01-08,93,57.38,62.32,8.33,3.47
173,laredo,0,US,2020-01-08,27,27.51,-99.51,62.83,10.38
174,manjeshwar,34,IN,2020-01-08,86,12.72,74.89,76.62,6.13
175,saint-augustin,100,CA,2020-01-08,91,45.63,-73.98,27.01,4.85
176,dukat,0,AL,2020-01-08,44,40.25,19.57,50.85,10.58
177,tiruchchendur,15,IN,2020-01-08,86,8.48,78.12,74.34,11.32
178,yarada,27,IN,2020-01-08,71,17.65,83.27,73.89,13.47
179,rantepao,100,ID,2020-01-08,84,-2.97,119.90,71.46,2.1
180,gazojak,0,TM,2020-01-08,60,41.19,61.40,29.61,8.55
181,kachiry,100,KZ,2020-01-08,96,53.07,76.10,15.44,3.06
182,koutsouras,91,GR,2020-01-08,81,35.03,25.95,50.67,38.72
183,itapaci,100,BR,2020-01-08,96,-14.95,-49.55,70.99,2.21
184,zarubino,100,RU,2020-01-08,91,42.65,131.06,29.07,14.97
185,husavik,98,CA,2020-01-08,93,50.56,-96.99,-3.33,9.01
186,bermejillo,0,MX,2020-01-08,29,25.89,-103.62,61.70,7.02
187,yuanping,1,CN,2020-01-08,76,38.72,112.71,16.20,0.92
188,narsaq,77,GL,2020-01-08,77,60.91,-46.05,10.02,7.81
189,naron,95,ES,2020-01-08,83,43.52,-8.15,53.37,4.32
190,salalah,0,OM,2020-01-08,50,17.01,54.10,75.54,7.63
191,bereda,91,ES,2020-01-08,85,43.27,-7.54,46.65,4.9
192,chunskiy,59,RU,2020-01-08,96,56.08,99.63,8.37,3.13
193,padang,98,ID,2020-01-08,86,-0.92,100.36,69.33,6.15
194,cartagena,8,ES,2020-01-08,77,37.63,-1.00,54.21,7.29
195,mayumba,100,GA,2020-01-08,75,-3.44,10.65,81.10,1.66
196,oranjestad,24,AW,2020-01-08,82,12.52,-70.03,85.03,20.15
197,maan,3,IN,2020-01-08,96,30.10,74.66,47.25,4.85
198,copiapo,0,CL,2020-01-08,70,-27.37,-70.33,63.79,4.74
199,maragogi,0,BR,2020-01-08,72,-9.01,-35.22,80.47,12.71
200,khatanga,94,RU,2020-01-08,95,71.98,102.47,5.20,9.53
201,shingu,89,JP,2020-01-08,80,33.72,135.99,65.05,25.55
202,novoanninskiy,99,RU,2020-01-08,93,50.53,42.67,24.28,9.01
203,bubaque,50,GW,2020-01-08,45,11.28,-15.83,77.02,16.2
204,lasa,79,CY,2020-01-07,86,34.92,32.53,52.79,6.76
205,nome,0,US,2020-01-08,46,30.04,-94.42,55.40,2.84
206,tayga,100,RU,2020-01-08,95,64.77,43.49,29.07,12.44
207,tual,100,ID,2020-01-08,76,-5.67,132.75,82.51,9.04
208,camopi,84,GF,2020-01-08,99,3.17,-52.33,72.46,3.11
209,birao,30,CF,2020-01-08,27,10.30,22.78,69.55,8.16
210,ballina,100,IE,2020-01-08,83,54.11,-9.15,41.88,9.26
211,sept-iles,92,CA,2020-01-07,77,50.20,-66.38,20.73,8.63
212,manado,100,ID,2020-01-07,98,1.49,124.85,72.52,0.98
213,kajaani,100,FI,2020-01-08,92,64.22,27.73,35.47,12.35
214,smiltene,100,LV,2020-01-08,83,57.42,25.90,35.94,12.06
215,yurla,66,RU,2020-01-08,96,59.33,54.32,6.85,5.3
216,vitim,100,RU,2020-01-08,94,59.44,112.57,18.88,10.04
217,havre-saint-pierre,100,CA,2020-01-08,73,50.23,-63.60,24.03,17.94
218,karasburg,70,NA,2020-01-07,51,-28.01,18.75,71.15,14.85
219,krutinka,66,RU,2020-01-08,92,56.01,71.51,-0.09,2.53
220,pagudpud,58,PH,2020-01-08,87,18.56,120.79,70.50,6.17
221,shaowu,0,CN,2020-01-08,77,27.34,117.49,40.93,1.48
222,talnakh,100,RU,2020-01-08,98,69.49,88.39,2.08,7.38
223,brae,98,GB,2020-01-08,65,60.40,-1.35,45.90,41.72
224,chernyshevskiy,100,RU,2020-01-08,95,63.01,112.47,8.02,6.89
225,maanshan,89,CN,2020-01-08,79,31.70,118.50,36.45,6.67
226,cotonou,0,BJ,2020-01-08,62,6.37,2.43,81.05,7.47
227,iranshahr,0,IR,2020-01-08,39,27.21,60.69,52.38,2.3
228,ginda,100,IN,2020-01-08,98,30.69,78.49,39.72,2.37
229,pundaguitan,83,PH,2020-01-08,81,6.37,126.17,78.55,9.82
230,voyvozh,99,RU,2020-01-08,94,62.89,54.96,13.32,7.47
231,keffi,46,NG,2020-01-08,31,8.85,7.88,74.75,4.76
232,lavrentiya,37,RU,2020-01-08,93,65.58,-170.99,-12.46,2.24
233,kavieng,77,PG,2020-01-08,79,-2.57,150.80,83.30,14.47
234,kotelnich,75,RU,2020-01-08,97,58.31,48.34,8.31,7.09
235,kamenka,0,MD,2020-01-08,83,48.03,28.70,24.58,3.24
236,kahramanmaras,99,TR,2020-01-08,90,37.58,36.93,45.52,15.05
237,elat,54,CM,2020-01-08,98,2.91,11.16,69.22,1.81
238,tecoanapa,0,MX,2020-01-08,65,16.99,-99.26,79.14,3.98
239,sechura,72,PE,2020-01-08,83,-5.56,-80.82,72.59,15.95
240,yulara,100,AU,2020-01-08,35,-25.24,130.99,84.22,9.33
241,raahe,88,FI,2020-01-08,89,64.68,24.47,38.52,13.49
242,portland,100,US,2020-01-07,59,43.66,-70.25,36.00,10.09
243,dumas,0,IN,2020-01-08,63,21.09,72.71,72.52,9.08
244,wolfsburg,83,DE,2020-01-08,79,52.42,10.79,42.01,10.98
245,toora-khem,2,RU,2020-01-08,95,52.47,96.11,-11.51,0.63
246,ixtapa,15,MX,2020-01-08,67,20.71,-105.21,65.95,1.83
247,nemuro,100,JP,2020-01-08,76,43.32,145.57,27.82,5.41
248,lengshuitan,41,CN,2020-01-08,79,26.41,111.60,44.46,3.89
249,yinchuan,66,CN,2020-01-08,52,38.48,106.21,20.66,4.45
250,ahipara,1,NZ,2020-01-08,67,-35.17,173.16,64.18,15.17
251,ketchikan,100,US,2020-01-08,58,55.34,-131.65,26.89,2.93
252,torbay,100,CA,2020-01-08,79,47.66,-52.73,26.29,11.05
253,akdepe,60,TM,2020-01-08,70,42.05,59.39,23.70,9.04
254,port-gentil,100,GA,2020-01-08,82,-0.72,8.78,81.81,13.24
255,sorso,93,IT,2020-01-08,78,40.80,8.58,55.17,12.62
256,sorland,100,NO,2020-01-07,83,67.67,12.69,41.41,40.26
257,tiarei,10,PF,2020-01-08,80,-17.53,-149.33,83.28,22.73
258,ilulissat,75,GL,2020-01-08,76,69.22,-51.10,-2.36,6.53
259,tiznit,0,MA,2020-01-08,49,29.70,-9.73,49.26,2.53
260,honiara,100,SB,2020-01-08,76,-9.43,159.96,83.61,4.16
261,ancud,90,CL,2020-01-08,75,-41.87,-73.83,55.90,18.19
262,olinda,100,AU,2020-01-07,86,-37.84,145.39,64.42,2.68
263,korce,28,CZ,2020-01-08,95,50.54,14.60,34.54,2.98
264,forio,100,IT,2020-01-08,46,40.73,13.86,54.07,5.5
265,berlevag,78,NO,2020-01-08,87,70.86,29.09,36.81,18.72
266,mahibadhoo,93,MV,2020-01-08,77,3.78,72.97,82.18,13.76
267,araceli,74,PH,2020-01-08,81,10.55,119.99,81.30,17.56
268,souris,53,CA,2020-01-08,78,46.36,-62.25,27.00,13.0
269,hualmay,41,PE,2020-01-07,65,-11.10,-77.61,74.53,8.48
270,hanford,99,US,2020-01-08,56,36.33,-119.65,58.77,3.33
271,tilichiki,100,RU,2020-01-08,91,60.47,166.10,2.62,8.3
272,yarmouth,100,CA,2020-01-07,70,43.84,-66.12,30.85,5.91
273,kushiro,100,JP,2020-01-07,81,43.11,144.15,23.04,3.47
274,moroni,100,GR,2020-01-08,89,35.09,24.92,46.15,4.21
275,kozluk,60,TR,2020-01-08,60,38.17,41.50,39.49,4.16
276,sungaipenuh,98,ID,2020-01-08,96,-2.08,101.38,63.91,2.82
277,tarko-sale,38,RU,2020-01-08,97,64.92,77.78,-5.80,11.16
278,price,58,US,2020-01-08,93,39.60,-110.81,23.41,1.16
279,luanda,100,AO,2020-01-08,82,-8.83,13.24,81.03,10.56
280,carutapera,71,BR,2020-01-08,77,-1.20,-46.02,81.77,12.73
281,bikin,36,RU,2020-01-08,87,46.82,134.25,4.82,2.68
282,lithakia,0,GR,2020-01-08,52,37.72,20.83,51.48,9.6
283,reconquista,0,AR,2020-01-08,26,-29.14,-59.64,76.98,8.03
284,upata,0,VE,2020-01-08,62,8.02,-62.41,72.41,4.63
285,biltine,0,TD,2020-01-08,23,14.53,20.93,68.25,10.74
286,pasighat,97,IN,2020-01-08,70,28.06,95.33,56.05,3.06
287,okhotsk,100,RU,2020-01-07,74,59.36,143.24,-5.51,7.74
288,cabedelo,55,BR,2020-01-07,77,-6.97,-34.84,78.51,11.27
289,kahului,7,US,2020-01-08,69,20.89,-156.47,74.64,29.37
290,mendi,88,ET,2020-01-08,45,9.80,35.10,65.05,1.3
291,tongchuan,75,CN,2020-01-08,60,34.90,108.95,29.01,4.56
292,abapo,95,BO,2020-01-08,92,-18.83,-63.47,71.98,1.92
293,avera,0,US,2020-01-08,49,33.19,-82.53,52.50,8.14
294,ust-nera,100,RU,2020-01-08,99,64.57,143.24,-24.88,1.83
295,yagodnoye,47,RU,2020-01-08,84,62.52,149.63,-23.10,3.02
296,raudeberg,100,NO,2020-01-08,83,61.99,5.14,47.16,39.17
297,erzurum,25,TR,2020-01-08,89,39.91,41.27,20.26,2.95
298,batagay,90,RU,2020-01-08,87,67.65,134.64,-16.91,1.34
299,cayenne,95,GF,2020-01-08,93,4.94,-52.33,79.14,6.04
300,constitucion,0,MX,2020-01-08,30,23.99,-104.67,60.85,0.43
301,champerico,35,MX,2020-01-08,85,16.38,-93.60,69.13,7.58
302,mangan,79,IN,2020-01-08,54,27.50,88.54,36.68,3.29
303,bilibino,0,RU,2020-01-08,90,68.06,166.44,-27.85,3.0
304,dunedin,75,NZ,2020-01-08,69,-45.87,170.50,53.10,5.08
305,lata,100,IN,2020-01-08,99,30.78,78.62,11.82,7.27
306,valparaiso,50,US,2020-01-08,69,41.47,-87.06,34.20,8.28
307,jumla,100,NP,2020-01-07,98,29.28,82.18,29.75,5.68
308,coquimbo,0,CL,2020-01-08,83,-29.95,-71.34,68.04,3.56
309,nyurba,95,RU,2020-01-08,94,63.29,118.35,8.58,5.46
310,taksimo,0,RU,2020-01-07,97,56.36,114.84,-13.36,0.85
311,aklavik,0,CA,2020-01-08,93,68.22,-135.01,-31.59,5.28
312,ballitoville,100,ZA,2020-01-08,97,-29.54,31.21,75.15,0.6
313,kirakira,100,SB,2020-01-08,78,-10.46,161.92,82.42,4.56
314,buin,26,CL,2020-01-08,47,-33.73,-70.74,70.29,5.79
315,xining,100,CN,2020-01-08,66,36.62,101.77,16.77,4.79
316,ardabil,0,IR,2020-01-08,63,38.25,48.30,24.80,16.89
317,pobe,0,BJ,2020-01-08,60,6.98,2.66,74.48,4.43
318,mantua,0,IT,2020-01-08,84,45.16,10.79,36.01,6.42
319,davila,0,PH,2020-01-08,78,18.47,120.58,77.22,13.65
320,contamana,39,PE,2020-01-08,63,-7.35,-75.01,80.24,2.08
321,chara,0,GR,2020-01-08,66,39.42,22.43,34.32,2.28
322,aurangabad,98,IN,2020-01-08,62,19.87,75.33,69.80,8.23
323,hearst,98,CA,2020-01-08,92,49.69,-83.67,11.57,12.46
324,yerbogachen,100,RU,2020-01-08,94,61.28,108.01,9.34,7.58
325,jiuquan,82,CN,2020-01-08,50,39.73,98.49,14.36,2.44
326,sitka,0,US,2020-01-08,31,37.17,-99.65,51.35,5.99
327,simao,0,CN,2020-01-08,97,22.76,100.79,50.83,2.17
328,hyeres,50,FR,2020-01-08,76,43.12,6.14,53.49,12.44
329,bartica,16,GY,2020-01-08,97,6.41,-58.62,78.69,3.53
330,taoudenni,0,ML,2020-01-07,15,22.68,-3.98,59.47,12.86
331,waipawa,17,NZ,2020-01-08,34,-39.94,176.59,70.88,5.57
332,birobidzhan,0,RU,2020-01-08,84,48.79,132.93,10.58,2.73
333,dalvik,99,SE,2020-01-08,83,57.79,14.13,43.68,20.18
334,erzin,100,TR,2020-01-08,88,36.95,36.20,47.34,6.11
335,oxford,0,US,2020-01-08,72,33.61,-85.83,47.21,6.6
336,vieux-habitants,17,GP,2020-01-08,73,16.06,-61.77,81.61,12.82
337,kiruna,100,SE,2020-01-08,88,67.86,20.23,32.59,27.4
338,namatanai,100,PG,2020-01-08,68,-3.66,152.44,85.60,4.74
339,sentjur,21,SI,2020-01-08,59,46.22,15.40,27.90,1.66
340,fredericton,11,CA,2020-01-08,89,45.97,-66.65,22.89,2.39
341,fairbanks,98,US,2020-01-08,98,64.84,-147.72,-19.34,1.03
342,muros,100,ES,2020-01-07,86,42.77,-9.06,52.03,3.74
343,okha,100,RU,2020-01-08,93,53.59,142.95,9.19,10.29
344,oranjemund,88,ZA,2020-01-07,87,-28.55,16.43,63.75,4.52
345,mayya,89,RU,2020-01-08,99,61.74,130.28,-1.28,0.92
346,jacksonville,60,US,2020-01-08,65,30.33,-81.66,62.01,8.63
347,mwense,100,ZM,2020-01-08,96,-10.39,28.70,66.16,2.19
348,dori,41,BF,2020-01-08,21,14.03,-0.03,70.23,9.08
349,buala,64,SB,2020-01-07,77,-8.15,159.59,83.34,4.61
350,bojnurd,19,IR,2020-01-08,61,37.47,57.33,31.01,8.23
351,tocopilla,0,CL,2020-01-08,67,-22.09,-70.20,55.36,3.38
352,gigmoto,100,PH,2020-01-08,82,13.78,124.39,80.08,20.29
353,naryan-mar,14,RU,2020-01-08,96,67.67,53.09,3.18,11.12
354,tautira,74,PF,2020-01-08,75,-17.73,-149.15,84.11,18.39
355,touros,21,BR,2020-01-08,82,-5.20,-35.46,83.37,15.95
356,bud,100,NO,2020-01-08,85,62.91,6.91,47.53,29.82
357,kalmunai,90,LK,2020-01-08,79,7.42,81.82,80.76,20.71
358,ukiah,0,US,2020-01-07,50,39.15,-123.21,58.77,5.66
359,koumac,54,NC,2020-01-08,58,-20.56,164.28,81.61,2.59
360,geraldton,100,CA,2020-01-08,91,49.72,-86.95,4.66,10.49
361,yokadouma,21,CM,2020-01-08,40,3.52,15.05,70.00,2.73
362,mackenzie,100,CA,2020-01-08,88,55.34,-123.09,9.99,5.03
363,islahiye,100,TR,2020-01-08,97,37.03,36.63,43.90,6.2
364,auki,63,NG,2020-01-08,21,12.18,6.51,69.13,13.27
365,udimskiy,100,RU,2020-01-08,96,61.14,45.92,15.12,7.63
366,filingue,95,NE,2020-01-08,17,14.35,3.32,72.32,11.97
367,lere,0,TD,2020-01-08,26,9.66,14.23,71.96,6.69
368,gamba,0,CN,2020-01-07,66,28.28,88.52,10.60,3.44
369,aksu,97,KZ,2020-01-08,81,52.04,76.93,5.14,3.51
370,birstonas,11,LT,2020-01-08,85,54.62,24.03,32.94,8.77
371,boende,92,CD,2020-01-08,79,-0.28,20.88,75.33,3.15
372,souillac,100,FR,2020-01-08,94,45.60,-0.60,50.32,6.4
373,tabou,2,CI,2020-01-08,87,4.42,-7.36,74.46,3.53
374,centralia,100,US,2020-01-08,94,46.72,-122.96,49.95,8.23
375,lensk,100,RU,2020-01-08,93,60.71,114.91,17.49,12.33
376,conakry,0,GN,2020-01-07,67,9.52,-13.70,77.74,5.57
377,dunhua,100,CN,2020-01-08,95,43.37,128.23,14.95,1.81
378,yazykovo,13,RU,2020-01-08,95,54.30,47.38,9.48,3.04
379,bandarbeyla,100,SO,2020-01-07,73,9.49,50.81,78.91,17.72
380,kavaratti,59,IN,2020-01-07,74,10.57,72.64,81.99,10.27
381,meulaboh,98,ID,2020-01-08,77,4.14,96.13,79.93,6.8
382,talara,9,PE,2020-01-08,88,-4.58,-81.27,72.23,11.03
383,kruisfontein,99,ZA,2020-01-08,95,-34.00,24.73,65.73,5.53
384,kuruman,100,ZA,2020-01-08,76,-27.46,23.43,68.94,9.19
385,kununurra,100,AU,2020-01-08,63,-15.77,128.74,85.84,8.77
386,tornio,100,FI,2020-01-08,90,61.12,27.27,37.92,11.41
387,wajima,100,JP,2020-01-07,90,37.40,136.90,51.51,10.69
388,vardo,100,US,2020-01-08,96,39.62,-77.74,31.57,7.61
389,tallahassee,14,US,2020-01-08,54,30.44,-84.28,54.23,5.91
390,urubamba,75,PE,2020-01-08,66,-13.31,-72.12,61.27,5.48
391,havoysund,100,NO,2020-01-07,79,71.00,24.66,38.12,14.25
392,acuitzio,73,MX,2020-01-08,24,20.34,-101.98,63.84,8.08
393,toamasina,100,MG,2020-01-08,82,-18.17,49.38,80.78,6.64
394,alihe,0,CN,2020-01-08,91,50.57,123.73,-2.51,3.98
395,tvoroyri,98,FO,2020-01-08,70,61.56,-6.81,38.52,51.47
396,kingman,16,US,2020-01-08,41,35.19,-114.05,53.65,1.5
397,peniche,0,PT,2020-01-08,76,39.36,-9.38,55.74,12.15
398,manali,100,IN,2020-01-08,97,32.25,77.19,27.50,4.54
399,hirara,0,JP,2020-01-07,78,24.80,125.28,73.15,7.96
400,nicoya,2,CR,2020-01-08,71,10.15,-85.45,75.07,8.86
401,gizo,45,IL,2020-01-08,68,31.80,34.94,48.20,15.41
402,rockport,0,US,2020-01-08,48,28.02,-97.05,64.53,11.27
403,belmonte,0,PT,2020-01-07,57,40.36,-7.35,40.42,1.66
404,shellbrook,0,CA,2020-01-08,93,53.22,-106.39,-15.14,2.17
405,pochutla,0,MX,2020-01-08,69,15.74,-96.47,82.96,13.27
406,russell,0,US,2020-01-08,49,38.90,-98.86,45.79,1.01
407,gambo,45,CF,2020-01-08,37,4.65,22.26,72.07,4.45
408,huarmey,50,PE,2020-01-08,72,-10.07,-78.15,71.46,6.71
409,kiunga,100,PG,2020-01-08,99,-6.12,141.30,73.89,2.35
410,escanaba,46,US,2020-01-08,71,45.75,-87.06,24.39,27.22
411,fare,8,PF,2020-01-08,79,-16.70,-151.02,82.24,19.24
412,gayny,97,RU,2020-01-08,98,60.30,54.33,6.66,4.74
413,kant,100,KG,2020-01-08,96,42.89,74.85,24.46,3.76
414,fort-shevchenko,100,KZ,2020-01-08,65,44.51,50.26,34.25,17.0
415,sardulgarh,82,IN,2020-01-08,96,29.70,75.25,51.78,3.02
416,zalesovo,100,RU,2020-01-08,95,54.00,84.74,7.21,2.48
417,khani,88,GE,2020-01-07,48,41.96,42.96,43.72,8.59
418,gladstone,71,AU,2020-01-08,63,-23.84,151.26,80.74,11.95
419,paragominas,31,BR,2020-01-08,89,-3.00,-47.35,72.93,2.46
420,erie,98,US,2020-01-08,84,42.13,-80.09,33.89,7.54
421,alyangula,100,AU,2020-01-08,62,-13.85,136.42,89.42,13.6
422,mogok,0,MM,2020-01-08,73,22.92,96.51,53.29,3.33
423,mazatlan,8,MX,2020-01-08,65,23.22,-106.42,77.05,17.18
424,pisco,12,PE,2020-01-08,90,-13.71,-76.20,66.74,3.78
425,cherskiy,0,RU,2020-01-08,74,68.75,161.30,-19.37,8.99
426,noyabrsk,41,RU,2020-01-08,98,63.20,75.45,-3.95,12.17
427,aracati,18,BR,2020-01-08,83,-4.56,-37.77,78.55,5.55
428,maicao,0,CO,2020-01-08,65,11.38,-72.24,83.12,9.33
429,progreso,0,UY,2020-01-08,29,-34.68,-56.22,71.26,5.14
430,fallon,100,US,2020-01-08,74,46.84,-105.12,23.47,11.63
431,iwanai,100,JP,2020-01-08,76,42.97,140.51,27.50,6.4
432,plouzane,100,FR,2020-01-08,92,48.38,-4.62,54.32,13.65
433,luganville,96,VU,2020-01-08,73,-15.51,167.18,86.36,6.8
434,turukhansk,93,RU,2020-01-08,96,65.80,87.96,0.03,10.65
435,bashmakovo,0,RU,2020-01-08,95,53.21,43.04,10.92,1.14
436,ovsyanka,8,RU,2020-01-08,95,53.58,126.91,-15.59,0.31
437,komsomolskiy,99,RU,2020-01-08,96,67.55,63.78,2.52,7.9
438,at-bashi,98,KG,2020-01-08,96,41.17,75.81,-4.16,2.21
439,arona,29,IT,2020-01-08,48,45.76,8.56,33.49,4.97
440,ust-ilimsk,93,RU,2020-01-08,95,57.96,102.73,13.73,5.66
